Generation; Score of model 0;Score of model 1;Score of model 2;Score retained
1; 4.184029579162598; 0.43121209740638733; 12.842313766479492; 0.43121209740638733
