Generation; Score of model 0;Score of model 1;Score of model 2;Score retained
1; 4.646257400512695; 0.0699169784784317; 2.246596097946167; 0.0699169784784317
