Generation, Score of model 0, Score of model 1, Score of model 2, Average, Score retained
1, 0.19648291170597076, 0.3828176259994507, 0.39466679096221924, 0.32465577622254693, 0.19648291170597076
