Generation; Score of model 0;Score of model 1;Score of model 2;Score retained
1; 0.6217378377914429; 0.7845044732093811; 0.26940247416496277; 0.26940247416496277
