Generation, Score of model 0, Score of model 1, Score of model 2, Average, Score retained
1, 0.41303616762161255, 0.35042834281921387, 0.5141084790229797, 0.42585766315460205, 0.35042834281921387
