Generation, Score of model 0, Average, Score retained
1, 0.4998031258583069, 0.4998031258583069, 0.4998031258583069
