Generation; Score of model 0;Score of model 1;Score of model 2;Score retained
1; 1.373963475227356; 0.26450884342193604; 0.9237546920776367; 0.26450884342193604
