Generation, Score of model 0, Average, Score retained
1, 0.6755423545837402, 0.6755423545837402, 0.6755423545837402
