Generation; Score of model 0;Score of model 1;Score of model 2;Score retained
1; 13.428024291992188; 3.5905027389526367; 0.035497765988111496; 0.035497765988111496
