Generation; Score of model 0;Score of model 1;Score of model 2;Score retained
1; 0.3839224874973297; 0.10067834705114365; 0.3572275936603546; 0.10067834705114365
