Generation; Score of model 0;Score of model 1;Score of model 2;Score retained
1; 0.09090966731309891; 0.03815053403377533; 0.09479804337024689; 0.03815053403377533
