Generation; Score of model 0;Score of model 1;Score of model 2;Score retained
1; 2.6546874046325684; 31.234647750854492; 0.12304158508777618; 0.12304158508777618
