Generation, Score of model 0, Score of model 1, Score of model 2, Average, Score retained
1, 0.5643940567970276, 0.3385879397392273, 0.2773009240627289, 0.3934276401996613, 0.2773009240627289
