Generation; Score of model 0;Score of model 1;Score of model 2;Score retained
1; 0.03240618854761124; 0.039746858179569244; 0.01735372096300125; 0.01735372096300125
