Generation, Score of model 0, Score of model 1, Score of model 2, Average, Score retained
1, 0.09156757593154907, 0.08467055857181549, 0.03939113765954971, 0.07187642405430475, 0.03939113765954971
