Generation, Score of model 0, Average, Score retained
1, 0.02278819866478443, 0.02278819866478443, 0.02278819866478443
