Generation, Score of model 0, Average, Score retained
1, 0.05327257513999939, 0.05327257513999939, 0.05327257513999939
